Workbook

Sheet Donnees_Brutes
A1: Identifiant Client | B1: Nom & Prenom | C1: Ville | D1: Genre | E1: Type de Compte | F1: Date d'Ouverture | G1: Heure Transaction | H1: Solde Actuel (USD) | I1: Taux d'Interet Annuel
A2: CLI001 | B2: Client 1 | C2: Lubumbashi | D2: Feminin | E2: Courant | F2: 45106 | G2: 10:31 | H2: 49975 | I2: 0.12
A3: CLI002 | B3: Client 2 | C3: Goma | D3: Feminin | E3: Professionnel | F3: 45140 | G3: 10:15 | H3: 28665 | I3: 0.04
A4: CLI003 | B4: Client 3 | C4: Lubumbashi | D4: Feminin | E4: Courant | F4: 45366 | G4: 17:51 | H4: 44062 | I4: 0.05
A5: CLI004 | B5: Client 4 | C5: Kinshasa | D5: Feminin | E5: Epargne | F5: 45159 | G5: 8:57 | H5: 9836 | I5: 0.04
A6: CLI005 | B6: Client 5 | C6: Lubumbashi | D6: Feminin | E6: Professionnel | F6: 45155 | G6: 14:59 | H6: 48833 | I6: 0.12
A7: CLI006 | B7: Client 6 | C7: Bukavu | D7: Feminin | E7: Professionnel | F7: 45319 | G7: 10:23 | H7: 47046 | I7: 0.07
A8: CLI007 | B8: Client 7 | C8: Kinshasa | D8: Feminin | E8: Epargne | F8: 45300 | G8: 15:59 | H8: 36733 | I8: 0.1
A9: CLI008 | B9: Client 8 | C9: Bukavu | D9: Masculin | E9: Professionnel | F9: 45364 | G9: 18:48 | H9: 40546 | I9: 0.09
A10: CLI009 | B10: Client 9 | C10: Goma | D10: Masculin | E10: Epargne | F10: 45033 | G10: 13:55 | H10: 31792 | I10: 0.02
A11: CLI010 | B11: Client 10 | C11: Kinshasa | D11: Feminin | E11: Courant | F11: 45155 | G11: 16:01 | H11: 19335 | I11: 0.14
A12: CLI011 | B12: Client 11 | C12: Goma | D12: Masculin | E12: Professionnel | F12: 45554 | G12: 20:50 | H12: 23262 | I12: 0.13
A13: CLI012 | B13: Client 12 | C13: Lubumbashi | D13: Feminin | E13: Epargne | F13: 45090 | G13: 12:32 | H13: 49044 | I13: 0.1
... A101: CLI100 | B101: Client 100 | C101: Kinshasa | D101: Feminin | E101: Epargne | F101: 45382 | G101: 18:57 | H101: 31488 | I101: 0.14

Sheet Calculs_Financiers
A1: ID | B1: Nom | C1: Solde | D1: Taux | E1: Interet | F1: Taxe | G1: Solde Final | H1: Statut | J1: Taxe Nationale
A2: =Donnees_Brutes!A2 | B2: =Donnees_Brutes!B2 | C2: =Donnees_Brutes!H2 | D2: =Donnees_Brutes!I2 | E2: =C2*D2 | F2: =E2*$J$2 | G2: =C2+E2-F2 | H2: =IF(G2<5000,"Audit Requis","Situation Stable") | J2: 0.16
A3: =Donnees_Brutes!A3 | B3: =Donnees_Brutes!B3 | C3: =Donnees_Brutes!H3 | D3: =Donnees_Brutes!I3 | E3: =C3*D3 | F3: =E3*$J$2 | G3: =C3+E3-F3 | H3: =IF(G3<5000,"Audit Requis","Situation Stable")
A4: =Donnees_Brutes!A4 | B4: =Donnees_Brutes!B4 | C4: =Donnees_Brutes!H4 | D4: =Donnees_Brutes!I4 | E4: =C4*D4 | F4: =E4*$J$2 | G4: =C4+E4-F4 | H4: =IF(G4<5000,"Audit Requis","Situation Stable")
A5: =Donnees_Brutes!A5 | B5: =Donnees_Brutes!B5 | C5: =Donnees_Brutes!H5 | D5: =Donnees_Brutes!I5 | E5: =C5*D5 | F5: =E5*$J$2 | G5: =C5+E5-F5 | H5: =IF(G5<5000,"Audit Requis","Situation Stable")
A6: =Donnees_Brutes!A6 | B6: =Donnees_Brutes!B6 | C6: =Donnees_Brutes!H6 | D6: =Donnees_Brutes!I6 | E6: =C6*D6 | F6: =E6*$J$2 | G6: =C6+E6-F6 | H6: =IF(G6<5000,"Audit Requis","Situation Stable")
A7: =Donnees_Brutes!A7 | B7: =Donnees_Brutes!B7 | C7: =Donnees_Brutes!H7 | D7: =Donnees_Brutes!I7 | E7: =C7*D7 | F7: =E7*$J$2 | G7: =C7+E7-F7 | H7: =IF(G7<5000,"Audit Requis","Situation Stable")
A8: =Donnees_Brutes!A8 | B8: =Donnees_Brutes!B8 | C8: =Donnees_Brutes!H8 | D8: =Donnees_Brutes!I8 | E8: =C8*D8 | F8: =E8*$J$2 | G8: =C8+E8-F8 | H8: =IF(G8<5000,"Audit Requis","Situation Stable")
A9: =Donnees_Brutes!A9 | B9: =Donnees_Brutes!B9 | C9: =Donnees_Brutes!H9 | D9: =Donnees_Brutes!I9 | E9: =C9*D9 | F9: =E9*$J$2 | G9: =C9+E9-F9 | H9: =IF(G9<5000,"Audit Requis","Situation Stable")
A10: =Donnees_Brutes!A10 | B10: =Donnees_Brutes!B10 | C10: =Donnees_Brutes!H10 | D10: =Donnees_Brutes!I10 | E10: =C10*D10 | F10: =E10*$J$2 | G10: =C10+E10-F10 | H10: =IF(G10<5000,"Audit Requis","Situation Stable")
A11: =Donnees_Brutes!A11 | B11: =Donnees_Brutes!B11 | C11: =Donnees_Brutes!H11 | D11: =Donnees_Brutes!I11 | E11: =C11*D11 | F11: =E11*$J$2 | G11: =C11+E11-F11 | H11: =IF(G11<5000,"Audit Requis","Situation Stable")
A12: =Donnees_Brutes!A12 | B12: =Donnees_Brutes!B12 | C12: =Donnees_Brutes!H12 | D12: =Donnees_Brutes!I12 | E12: =C12*D12 | F12: =E12*$J$2 | G12: =C12+E12-F12 | H12: =IF(G12<5000,"Audit Requis","Situation Stable")
A13: =Donnees_Brutes!A13 | B13: =Donnees_Brutes!B13 | C13: =Donnees_Brutes!H13 | D13: =Donnees_Brutes!I13 | E13: =C13*D13 | F13: =E13*$J$2 | G13: =C13+E13-F13 | H13: =IF(G13<5000,"Audit Requis","Situation Stable")
A14: =Donnees_Brutes!A14 | B14: =Donnees_Brutes!B14 | C14: =Donnees_Brutes!H14 | D14: =Donnees_Brutes!I14 | E14: =C14*D14 | F14: =E14*$J$2 | G14: =C14+E14-F14 | H14: =IF(G14<5000,"Audit Requis","Situation Stable")
... A101: =Donnees_Brutes!A101 | B101: =Donnees_Brutes!B101 | C101: =Donnees_Brutes!H101 | D101: =Donnees_Brutes!I101 | E101: =C101*D101 | F101: =E101*$J$2 | G101: =C101+E101-F101 | H101: =IF(G101<5000,"Audit Requis","Situation Stable")

Sheet Synthese_TCD_Filtres
A1: ID | B1: Nom | C1: Solde | D1: Taux | E1: Interet | F1: Taxe | G1: Solde Final | H1: Statut
A2: =Calculs_Financiers!A2 | B2: =Calculs_Financiers!B2 | C2: =Calculs_Financiers!C2 | D2: =Calculs_Financiers!D2 | E2: =Calculs_Financiers!E2 | F2: =Calculs_Financiers!F2 | G2: =Calculs_Financiers!G2 | H2: =Calculs_Financiers!H2
A3: =Calculs_Financiers!A3 | B3: =Calculs_Financiers!B3 | C3: =Calculs_Financiers!C3 | D3: =Calculs_Financiers!D3 | E3: =Calculs_Financiers!E3 | F3: =Calculs_Financiers!F3 | G3: =Calculs_Financiers!G3 | H3: =Calculs_Financiers!H3
A4: =Calculs_Financiers!A4 | B4: =Calculs_Financiers!B4 | C4: =Calculs_Financiers!C4 | D4: =Calculs_Financiers!D4 | E4: =Calculs_Financiers!E4 | F4: =Calculs_Financiers!F4 | G4: =Calculs_Financiers!G4 | H4: =Calculs_Financiers!H4
A5: =Calculs_Financiers!A5 | B5: =Calculs_Financiers!B5 | C5: =Calculs_Financiers!C5 | D5: =Calculs_Financiers!D5 | E5: =Calculs_Financiers!E5 | F5: =Calculs_Financiers!F5 | G5: =Calculs_Financiers!G5 | H5: =Calculs_Financiers!H5
A6: =Calculs_Financiers!A6 | B6: =Calculs_Financiers!B6 | C6: =Calculs_Financiers!C6 | D6: =Calculs_Financiers!D6 | E6: =Calculs_Financiers!E6 | F6: =Calculs_Financiers!F6 | G6: =Calculs_Financiers!G6 | H6: =Calculs_Financiers!H6
A7: =Calculs_Financiers!A7 | B7: =Calculs_Financiers!B7 | C7: =Calculs_Financiers!C7 | D7: =Calculs_Financiers!D7 | E7: =Calculs_Financiers!E7 | F7: =Calculs_Financiers!F7 | G7: =Calculs_Financiers!G7 | H7: =Calculs_Financiers!H7
A8: =Calculs_Financiers!A8 | B8: =Calculs_Financiers!B8 | C8: =Calculs_Financiers!C8 | D8: =Calculs_Financiers!D8 | E8: =Calculs_Financiers!E8 | F8: =Calculs_Financiers!F8 | G8: =Calculs_Financiers!G8 | H8: =Calculs_Financiers!H8
A9: =Calculs_Financiers!A9 | B9: =Calculs_Financiers!B9 | C9: =Calculs_Financiers!C9 | D9: =Calculs_Financiers!D9 | E9: =Calculs_Financiers!E9 | F9: =Calculs_Financiers!F9 | G9: =Calculs_Financiers!G9 | H9: =Calculs_Financiers!H9
A10: =Calculs_Financiers!A10 | B10: =Calculs_Financiers!B10 | C10: =Calculs_Financiers!C10 | D10: =Calculs_Financiers!D10 | E10: =Calculs_Financiers!E10 | F10: =Calculs_Financiers!F10 | G10: =Calculs_Financiers!G10 | H10: =Calculs_Financiers!H10
A11: =Calculs_Financiers!A11 | B11: =Calculs_Financiers!B11 | C11: =Calculs_Financiers!C11 | D11: =Calculs_Financiers!D11 | E11: =Calculs_Financiers!E11 | F11: =Calculs_Financiers!F11 | G11: =Calculs_Financiers!G11 | H11: =Calculs_Financiers!H11
A12: =Calculs_Financiers!A12 | B12: =Calculs_Financiers!B12 | C12: =Calculs_Financiers!C12 | D12: =Calculs_Financiers!D12 | E12: =Calculs_Financiers!E12 | F12: =Calculs_Financiers!F12 | G12: =Calculs_Financiers!G12 | H12: =Calculs_Financiers!H12
A13: =Calculs_Financiers!A13 | B13: =Calculs_Financiers!B13 | C13: =Calculs_Financiers!C13 | D13: =Calculs_Financiers!D13 | E13: =Calculs_Financiers!E13 | F13: =Calculs_Financiers!F13 | G13: =Calculs_Financiers!G13 | H13: =Calculs_Financiers!H13
... A101: =Calculs_Financiers!A101 | B101: =Calculs_Financiers!B101 | C101: =Calculs_Financiers!C101 | D101: =Calculs_Financiers!D101 | E101: =Calculs_Financiers!E101 | F101: =Calculs_Financiers!F101 | G101: =Calculs_Financiers!G101 | H101: =Calculs_Financiers!H101

Sheet Reporting_Graphique
A1: Type Compte | B1: Montant
A2: Epargne | B2: 20000
A3: Courant | B3: 30000
A4: Professionnel | B4: 45000
